Workbook

Sheet Params
A1: 항목 | B1: 값 | C1: 메모
A2: 메모리·부품 비중 (%) | B2: 13 | C2: MSFT 자백치 $25B/$190B=13.2% — 이 셀만 바꾸면 Derived 전체 재계산
A3: 보수적 하단 (%) | B3: 8 | C3: Meta 상향폭 기준 약 7~8%
A4: DRAM 지수 기준분기 | B4: 2025Q1 | C4: =100

Sheet Capex
A1: 분기 | B1: MSFT | C1: GOOGL | D1: META | E1: AMZN | F1: 합계($B) | G1: 상태 | H1: 메모
A2: 2024Q1 | B2: 14 | C2: 12 | D2: 6.7 | E2: 15 | F2: =SUM(B2:E2) | G2: actual~ | H2: 보고치 근사(리스 포함 기준 차이 있음 — 확인 후 보정)
A3: 2024Q2 | B3: 19 | C3: 13.2 | D3: 8.5 | E3: 17.6 | F3: =SUM(B3:E3) | G3: actual~
A4: 2024Q3 | B4: 20 | C4: 13.1 | D4: 9.2 | E4: 22.6 | F4: =SUM(B4:E4) | G4: actual~
A5: 2024Q4 | B5: 22.6 | C5: 14.3 | D5: 14.8 | E5: 27.8 | F5: =SUM(B5:E5) | G5: actual~
A6: 2025Q1 | B6: 21.4 | C6: 17.2 | D6: 13.7 | E6: 25 | F6: =SUM(B6:E6) | G6: actual~
A7: 2025Q2 | B7: 24.2 | C7: 22.4 | D7: 17 | E7: 31.4 | F7: =SUM(B7:E7) | G7: actual~
A8: 2025Q3 | B8: 34.9 | C8: 24 | D8: 19.4 | E8: 34.2 | F8: =SUM(B8:E8) | G8: actual~ | H8: MSFT 급증(FY26Q1)
A9: 2025Q4 | B9: 37 | C9: 28 | D9: 21.5 | E9: 39 | F9: =SUM(B9:E9) | G9: estimate | H9: 실적 발표치로 교체 필요
A10: 2026Q1 | B10: 39.9 | C10: 37.8 | D10: 29.4 | E10: 45.2 | F10: =SUM(B10:E10) | G10: estimate | H10: 연간 가이던스(190/180/140/215≈725) x 램프 0.21
A11: 2026Q2 | B11: 45.6 | C11: 43.2 | D11: 33.6 | E11: 51.6 | F11: =SUM(B11:E11) | G11: estimate | H11: 7/22~ 실적 시즌에 실제치로 교체
A12: 2026Q3 | B12: 49.4 | C12: 46.8 | D12: 36.4 | E12: 55.9 | F12: =SUM(B12:E12) | G12: estimate | H12: 램프 0.26
A13: 2026Q4 | B13: 55.1 | C13: 52.2 | D13: 40.6 | E13: 62.4 | F13: =SUM(B13:E13) | G13: estimate | H13: 램프 0.29

Sheet DRAM
A1: 분기 | B1: QoQ 하단% | C1: QoQ 중간% | D1: QoQ 상단% | E1: 지수(중간) | F1: 지수(하단) | G1: 지수(상단) | H1: 상태
A2: 2025Q1 | B2: 0 | C2: 0 | D2: 0 | E2: =100*(1+C2/100) | F2: =100*(1+B2/100) | G2: =100*(1+D2/100) | H2: base
A3: 2025Q2 | B3: 3 | C3: 5.5 | D3: 8 | E3: =E2*(1+C3/100) | F3: =F2*(1+B3/100) | G3: =G2*(1+D3/100) | H3: actual~
A4: 2025Q3 | B4: 10 | C4: 12.5 | D4: 15 | E4: =E3*(1+C4/100) | F4: =F3*(1+B4/100) | G4: =G3*(1+D4/100) | H4: actual~
A5: 2025Q4 | B5: 45 | C5: 50 | D5: 55 | E5: =E4*(1+C5/100) | F5: =F4*(1+B5/100) | G5: =G4*(1+D5/100) | H5: actual~
A6: 2026Q1 | B6: 93 | C6: 95.5 | D6: 98 | E6: =E5*(1+C6/100) | F6: =F5*(1+B6/100) | G6: =G5*(1+D6/100) | H6: actual
A7: 2026Q2 | B7: 58 | C7: 60.5 | D7: 63 | E7: =E6*(1+C7/100) | F7: =F6*(1+B7/100) | G7: =G6*(1+D7/100) | H7: forecast
A8: 2026Q3 | B8: 13 | C8: 15.5 | D8: 18 | E8: =E7*(1+C8/100) | F8: =F7*(1+B8/100) | G8: =G7*(1+D8/100) | H8: forecast
A9: 2026Q4 | B9: 0 | C9: 2.5 | D9: 5 | E9: =E8*(1+C9/100) | F9: =F8*(1+B9/100) | G9: =G8*(1+D9/100) | H9: placeholder

Sheet Derived
A1: 분기 | B1: 총 capex($B) | C1: 메모리 지출($B) | D1: DRAM 지수 | E1: 실질 메모리($B) | F1: 실질 총 capex($B) | G1: 명목 지출 지수 | H1: 실질 구매량 지수 | I1: 명목 YoY% | J1: 실질 YoY% | K1: 착시 폭%p
A2: 2024Q1 | B2: =Capex!F2 | C2: =B2*Params!$B$2/100
A3: 2024Q2 | B3: =Capex!F3 | C3: =B3*Params!$B$2/100
A4: 2024Q3 | B4: =Capex!F4 | C4: =B4*Params!$B$2/100
A5: 2024Q4 | B5: =Capex!F5 | C5: =B5*Params!$B$2/100
A6: 2025Q1 | B6: =Capex!F6 | C6: =B6*Params!$B$2/100 | D6: =DRAM!E2 | E6: =C6/(D6/100) | F6: =B6-C6+E6 | G6: =C6/C$6*100 | H6: =E6/E$6*100 | I6: =(B6/B2-1)*100 | J6: =(IF(F6="",B6,F6)/IF(F2="",B2,F2)-1)*100 | K6: =I6-J6
A7: 2025Q2 | B7: =Capex!F7 | C7: =B7*Params!$B$2/100 | D7: =DRAM!E3 | E7: =C7/(D7/100) | F7: =B7-C7+E7 | G7: =C7/C$6*100 | H7: =E7/E$6*100 | I7: =(B7/B3-1)*100 | J7: =(IF(F7="",B7,F7)/IF(F3="",B3,F3)-1)*100 | K7: =I7-J7
A8: 2025Q3 | B8: =Capex!F8 | C8: =B8*Params!$B$2/100 | D8: =DRAM!E4 | E8: =C8/(D8/100) | F8: =B8-C8+E8 | G8: =C8/C$6*100 | H8: =E8/E$6*100 | I8: =(B8/B4-1)*100 | J8: =(IF(F8="",B8,F8)/IF(F4="",B4,F4)-1)*100 | K8: =I8-J8
A9: 2025Q4 | B9: =Capex!F9 | C9: =B9*Params!$B$2/100 | D9: =DRAM!E5 | E9: =C9/(D9/100) | F9: =B9-C9+E9 | G9: =C9/C$6*100 | H9: =E9/E$6*100 | I9: =(B9/B5-1)*100 | J9: =(IF(F9="",B9,F9)/IF(F5="",B5,F5)-1)*100 | K9: =I9-J9
A10: 2026Q1 | B10: =Capex!F10 | C10: =B10*Params!$B$2/100 | D10: =DRAM!E6 | E10: =C10/(D10/100) | F10: =B10-C10+E10 | G10: =C10/C$6*100 | H10: =E10/E$6*100 | I10: =(B10/B6-1)*100 | J10: =(IF(F10="",B10,F10)/IF(F6="",B6,F6)-1)*100 | K10: =I10-J10
A11: 2026Q2 | B11: =Capex!F11 | C11: =B11*Params!$B$2/100 | D11: =DRAM!E7 | E11: =C11/(D11/100) | F11: =B11-C11+E11 | G11: =C11/C$6*100 | H11: =E11/E$6*100 | I11: =(B11/B7-1)*100 | J11: =(IF(F11="",B11,F11)/IF(F7="",B7,F7)-1)*100 | K11: =I11-J11
A12: 2026Q3 | B12: =Capex!F12 | C12: =B12*Params!$B$2/100 | D12: =DRAM!E8 | E12: =C12/(D12/100) | F12: =B12-C12+E12 | G12: =C12/C$6*100 | H12: =E12/E$6*100 | I12: =(B12/B8-1)*100 | J12: =(IF(F12="",B12,F12)/IF(F8="",B8,F8)-1)*100 | K12: =I12-J12
A13: 2026Q4 | B13: =Capex!F13 | C13: =B13*Params!$B$2/100 | D13: =DRAM!E9 | E13: =C13/(D13/100) | F13: =B13-C13+E13 | G13: =C13/C$6*100 | H13: =E13/E$6*100 | I13: =(B13/B9-1)*100 | J13: =(IF(F13="",B13,F13)/IF(F9="",B9,F9)-1)*100 | K13: =I13-J13

Sheet DFII10
A1: 월 | B1: DFII10 (%) | C1: 상태
A2: 2024-01 | B2: 1.73 | C2: actual~
A3: 2024-02 | B3: 1.88 | C3: actual~
A4: 2024-03 | B4: 1.87 | C4: actual~
A5: 2024-04 | B5: 2.2 | C5: actual~
A6: 2024-05 | B6: 2.12 | C6: actual~
A7: 2024-06 | B7: 2.09 | C7: actual~
A8: 2024-07 | B8: 1.83 | C8: actual~
A9: 2024-08 | B9: 1.75 | C9: actual~
A10: 2024-09 | B10: 1.59 | C10: actual~
A11: 2024-10 | B11: 1.94 | C11: actual~
A12: 2024-11 | B12: 1.94 | C12: actual~
A13: 2024-12 | B13: 2.24 | C13: actual~
... A26: 2026-01 | B26: 1.8 | C26: approx
A27: 2026-02 | C27: fill_me
A28: 2026-03 | C28: fill_me
A29: 2026-04 | C29: fill_me
A30: 2026-05 | C30: fill_me
A31: 2026-06 | C31: fill_me
A32: 2026-07 | C32: fill_me

Sheet Charts
A1: 메모리 착시 트래커 — Params!B2(비중)를 바꾸면 Derived 기반 차트가 재계산됩니다
